{
  "target": "bmv2",
  "p4info": "build/basic.p4.p4info.txt",
  "bmv2_json": "build/basic.json",
  "table_entries": [
    {
      "table": "MyIngress.ipv4_lpm",
      "default_action": true,
      "action_name": "MyIngress.drop",
      "action_params": {}
    },
    {
      "table": "MyIngress.ipv4_lpm",
      "match": {
        "hdr.ipv4.dstAddr": [
          "10.0.1.1",
          32
        ]
      },
      "action_name": "MyIngress.ipv4_forward",
      "action_params": {
        "dstAddr": "08:00:00:00:01:00",
        "port": 3
      }
    },
    {
      "table": "MyIngress.ipv4_lpm",
      "match": {
        "hdr.ipv4.dstAddr": [
          "10.0.2.2",
          32
        ]
      },
      "action_name": "MyIngress.ipv4_forward",
      "action_params": {
        "dstAddr": "08:00:00:00:01:00",
        "port": 3
      }
    },
    {
      "table": "MyIngress.ipv4_lpm",
      "match": {
        "hdr.ipv4.dstAddr": [
          "10.0.4.4",
          32
        ]
      },
      "action_name": "MyIngress.ipv4_forward",
      "action_params": {
        "dstAddr": "08:00:00:00:04:44",
        "port": 2
      }
    }
  ]
}