{
  "target": "bmv2",
  "p4info": "build/load_balance.p4.p4info.txt",
  "bmv2_json": "build/load_balance.json",
  "table_entries": [
    {
      "table": "MyIngress.ecmp_group",
      "default_action": true,
      "action_name": "MyIngress.drop",
      "action_params": { }
    },
    {
      "table": "MyIngress.ecmp_group",
      "match": {
        "hdr.ipv4.dstAddr": ["10.0.2.2", 32]
      },
      "action_name": "MyIngress.set_ecmp_select",
      "action_params": {
        "ecmp_base": 0,
        "ecmp_count": 1
      }
    },
    {
      "table": "MyIngress.ecmp_nhop",
      "match": {
        "meta.ecmp_select": 0
      },
      "action_name": "MyIngress.set_nhop",
      "action_params": {
        "nhop_dmac": "08:00:00:00:02:02",
        "nhop_ipv4": "10.0.2.2",
	"port" : 1
      }
    },
    {
      "table": "MyEgress.send_frame",
      "match": {
        "standard_metadata.egress_port": 1
      },
      "action_name": "MyEgress.rewrite_mac",
      "action_params": {
        "smac": "00:00:00:02:01:00"
      }
    }
  ]
}
